,date,trip_count,temperature_max_c,temperature_min_c,temperature_mean_c,precipitation_mm,wind_speed_max_ms,humidity_percent,data_source,month,trip_count_7day_mean,trip_count_detrended,bike_rides_daily,avgTemp,start_station_name,season
137,2024-05-17,3717,22.8,11.8,17.3,0.0,4.9,75,Open-Meteo Historical API,5,3089.4285714285716,627.5714285714284,3717,17.3,Michigan Ave & Oak St,Spring
103,2024-04-13,2313,12.1,7.6,9.4,1.7,10.0,65,Open-Meteo Historical API,4,2806.5714285714284,-493.5714285714285,2313,9.4,Columbus Dr & Randolph St,Spring
33,2024-02-03,2004,5.4,-3.3,1.0,0.0,6.7,57,Open-Meteo Historical API,2,2004.857142857143,-0.8571428571428896,2004,1.0,Shedd Aquarium,Winter
340,2024-12-06,2395,0.3,-1.9,-0.8,0.0,5.3,55,Open-Meteo Historical API,12,2319.8571428571427,75.14285714285734,2395,-0.8,Navy Pier,Winter
286,2024-10-13,3198,22.9,8.7,16.3,0.0,5.6,65,Open-Meteo Historical API,10,3596.714285714286,-398.7142857142858,3198,16.3,Theater on the Lake,Fall
145,2024-05-25,3135,26.6,14.2,19.8,0.0,4.6,63,Open-Meteo Historical API,5,3272.4285714285716,-137.42857142857156,3135,19.8,Michigan Ave & Oak St,Spring
359,2024-12-25,382,0.2,-4.6,-2.3,0.0,3.1,77,Open-Meteo Historical API,12,793.5714285714286,-411.57142857142856,382,-2.3,Buckingham Fountain,Winter
212,2024-07-31,3937,30.2,23.4,25.7,14.8,5.6,82,Open-Meteo Historical API,7,3621.285714285714,315.7142857142858,3937,25.7,Theater on the Lake,Summer
102,2024-04-12,2504,18.7,12.5,15.3,14.8,11.2,77,Open-Meteo Historical API,4,2831.285714285714,-327.2857142857142,2504,15.3,Columbus Dr & Randolph St,Spring
39,2024-02-09,2553,10.7,1.6,5.2,0.0,5.2,86,Open-Meteo Historical API,2,2325.4285714285716,227.57142857142844,2553,5.2,Buckingham Fountain,Winter
233,2024-08-21,3820,22.9,12.9,18.1,0.0,5.6,59,Open-Meteo Historical API,8,3651.142857142858,168.85714285714266,3820,18.1,Millennium Park,Summer
352,2024-12-18,2378,10.1,2.0,6.5,3.0,2.8,79,Open-Meteo Historical API,12,1954.142857142857,423.8571428571429,2378,6.5,Canal St & Adams St,Winter
277,2024-10-04,4300,23.1,12.2,17.3,0.1,4.6,84,Open-Meteo Historical API,10,4025.142857142858,274.85714285714266,4300,17.3,Theater on the Lake,Fall
124,2024-05-04,2951,18.3,7.3,11.8,1.2,5.7,76,Open-Meteo Historical API,5,2986.8571428571427,-35.85714285714266,2951,11.8,Canal St & Adams St,Spring
115,2024-04-25,3016,12.7,3.1,7.5,0.0,5.4,53,Open-Meteo Historical API,4,3015.5714285714284,0.4285714285715585,3016,7.5,Clinton St & Madison St,Spring
13,2024-01-14,1345,6.0,-3.3,0.3,0.9,11.0,49,Open-Meteo Historical API,1,1551.2857142857142,-206.28571428571425,1345,0.3,Theater on the Lake,Winter
56,2024-02-26,2094,10.5,-2.0,3.3,0.4,4.1,76,Open-Meteo Historical API,2,1903.7142857142856,190.28571428571425,2094,3.3,Navy Pier,Winter
149,2024-05-29,3517,24.7,13.9,18.8,11.2,4.3,72,Open-Meteo Historical API,5,3430.5714285714284,86.42857142857156,3517,18.8,Clinton St & Madison St,Spring
263,2024-09-20,4583,27.4,17.5,21.9,0.3,5.3,70,Open-Meteo Historical API,9,4196.428571428572,386.5714285714285,4583,21.9,Millennium Park,Fall
328,2024-11-24,2109,10.5,5.6,8.1,0.0,6.6,62,Open-Meteo Historical API,11,2266.0,-157.0,2109,8.1,Clinton St & Madison St,Fall
315,2024-11-11,3189,21.1,11.2,16.0,5.1,7.3,71,Open-Meteo Historical API,11,3103.0,86.0,3189,16.0,Millennium Park,Fall
219,2024-08-07,2557,22.3,18.9,21.0,23.0,5.9,86,Open-Meteo Historical API,8,2908.285714285714,-351.2857142857142,2557,21.0,Millennium Park,Summer
338,2024-12-04,2600,4.2,-2.8,0.6,0.1,4.6,61,Open-Meteo Historical API,12,2244.714285714286,355.2857142857142,2600,0.6,Buckingham Fountain,Winter
54,2024-02-24,1798,6.3,-3.3,2.3,0.0,5.3,61,Open-Meteo Historical API,2,1936.7142857142856,-138.71428571428578,1798,2.3,Columbus Dr & Randolph St,Winter
70,2024-03-11,1952,9.7,1.0,4.9,0.0,12.4,42,Open-Meteo Historical API,3,2283.285714285714,-331.2857142857142,1952,4.9,Buckingham Fountain,Spring
337,2024-12-03,2573,5.1,-1.9,1.1,0.1,3.0,64,Open-Meteo Historical API,12,2132.714285714286,440.2857142857142,2573,1.1,Shedd Aquarium,Winter
44,2024-02-14,1879,0.4,-3.6,-1.6,0.0,7.2,60,Open-Meteo Historical API,2,1690.142857142857,188.8571428571429,1879,-1.6,Navy Pier,Winter
37,2024-02-07,2353,8.1,-3.3,1.3,0.0,3.1,62,Open-Meteo Historical API,2,2239.0,114.0,2353,1.3,Millennium Park,Winter
242,2024-08-30,3485,24.8,18.2,20.9,6.9,4.1,72,Open-Meteo Historical API,8,3371.0,114.0,3485,20.9,Streeter Dr & Grand Ave,Summer
272,2024-09-29,1755,18.4,16.7,17.3,3.1,5.0,84,Open-Meteo Historical API,9,3528.0,-1773.0,1755,17.3,Shedd Aquarium,Fall
34,2024-02-04,1662,7.5,-3.4,0.9,0.0,4.0,58,Open-Meteo Historical API,2,2031.428571428571,-369.4285714285714,1662,0.9,Millennium Park,Winter
134,2024-05-14,3106,21.8,9.1,15.8,3.2,6.1,81,Open-Meteo Historical API,5,2784.714285714286,321.2857142857142,3106,15.8,Buckingham Fountain,Spring
268,2024-09-25,3989,21.0,15.7,17.8,0.6,5.2,71,Open-Meteo Historical API,9,3723.0,266.0,3989,17.8,Streeter Dr & Grand Ave,Fall
244,2024-09-01,2735,28.9,21.1,24.2,1.5,5.6,82,Open-Meteo Historical API,9,3365.8571428571427,-630.8571428571427,2735,24.2,Theater on the Lake,Fall
184,2024-07-03,3901,28.0,17.5,22.6,0.0,7.2,59,Open-Meteo Historical API,7,3362.4285714285716,538.5714285714284,3901,22.6,Clinton St & Madison St,Summer
224,2024-08-12,3516,26.3,16.5,22.0,0.3,5.5,64,Open-Meteo Historical API,8,3597.285714285714,-81.28571428571422,3516,22.0,Columbus Dr & Randolph St,Summer
273,2024-09-30,3894,22.2,14.7,18.1,0.0,5.3,75,Open-Meteo Historical API,9,3593.0,301.0,3894,18.1,Theater on the Lake,Fall
19,2024-01-20,1081,-3.2,-8.0,-5.9,0.0,7.1,51,Open-Meteo Historical API,1,1322.571428571429,-241.57142857142867,1081,-5.9,Clinton St & Madison St,Winter
357,2024-12-23,1107,-4.1,-14.3,-9.5,0.0,2.2,59,Open-Meteo Historical API,12,920.7142857142856,186.2857142857143,1107,-9.5,Navy Pier,Winter
311,2024-11-07,3710,22.7,12.3,18.0,0.0,5.7,65,Open-Meteo Historical API,11,3356.5714285714284,353.42857142857156,3710,18.0,Theater on the Lake,Fall
285,2024-10-12,3683,22.9,11.6,17.2,0.0,6.3,47,Open-Meteo Historical API,10,3666.428571428571,16.57142857142844,3683,17.2,Clinton St & Madison St,Fall
314,2024-11-10,2415,14.9,3.4,9.3,1.0,5.8,61,Open-Meteo Historical API,11,3201.285714285714,-786.2857142857142,2415,9.3,Clinton St & Madison St,Fall
60,2024-03-01,2293,5.6,-4.6,0.7,0.0,5.5,58,Open-Meteo Historical API,3,2026.2857142857144,266.7142857142858,2293,0.7,Buckingham Fountain,Spring
226,2024-08-14,3862,28.7,17.8,23.1,0.1,4.2,67,Open-Meteo Historical API,8,3715.571428571429,146.42857142857156,3862,23.1,Canal St & Adams St,Summer
45,2024-02-15,1973,1.4,-5.7,-1.6,0.3,6.4,63,Open-Meteo Historical API,2,1556.142857142857,416.8571428571429,1973,-1.6,Millennium Park,Winter
305,2024-11-01,4274,26.7,15.0,21.1,0.4,8.4,51,Open-Meteo Historical API,11,3746.714285714286,527.2857142857142,4274,21.1,Streeter Dr & Grand Ave,Fall
94,2024-04-04,2326,8.6,2.7,5.3,6.8,12.7,77,Open-Meteo Historical API,4,1886.0,440.0,2326,5.3,Millennium Park,Spring
324,2024-11-20,3530,16.0,7.8,11.9,0.0,3.1,59,Open-Meteo Historical API,11,2629.285714285714,900.7142857142858,3530,11.9,Clinton St & Madison St,Fall
313,2024-11-09,2949,12.9,4.2,8.7,0.0,6.4,40,Open-Meteo Historical API,11,3279.285714285714,-330.2857142857142,2949,8.7,Canal St & Adams St,Fall
309,2024-11-05,3824,22.9,7.9,15.5,0.0,6.2,78,Open-Meteo Historical API,11,3492.4285714285716,331.57142857142844,3824,15.5,Clinton St & Madison St,Fall
240,2024-08-28,3760,34.7,21.6,27.4,0.5,4.5,68,Open-Meteo Historical API,8,3453.0,307.0,3760,27.4,Streeter Dr & Grand Ave,Summer
291,2024-10-18,4113,19.4,7.0,12.1,0.0,5.0,50,Open-Meteo Historical API,10,3643.571428571429,469.4285714285715,4113,12.1,Clinton St & Madison St,Fall
46,2024-02-16,1984,4.8,-2.3,0.9,0.0,7.6,58,Open-Meteo Historical API,2,1472.857142857143,511.1428571428571,1984,0.9,Buckingham Fountain,Winter
180,2024-06-29,3444,26.8,17.7,22.6,1.1,9.7,78,Open-Meteo Historical API,6,3570.5714285714284,-126.57142857142844,3444,22.6,Shedd Aquarium,Summer
247,2024-09-04,3970,25.4,11.8,18.6,0.0,3.7,64,Open-Meteo Historical API,9,3565.8571428571427,404.14285714285734,3970,18.6,Shedd Aquarium,Fall
316,2024-11-12,3248,12.1,5.7,9.8,0.0,7.6,50,Open-Meteo Historical API,11,3082.5714285714284,165.42857142857156,3248,9.8,Theater on the Lake,Fall
95,2024-04-05,2400,9.4,0.7,5.3,0.0,7.8,62,Open-Meteo Historical API,4,1955.2857142857144,444.7142857142858,2400,5.3,Shedd Aquarium,Spring
66,2024-03-07,2445,12.4,5.7,9.7,4.1,7.0,80,Open-Meteo Historical API,3,1814.2857142857144,630.7142857142858,2445,9.7,Streeter Dr & Grand Ave,Spring
271,2024-09-28,2889,20.7,16.4,18.5,4.2,6.6,80,Open-Meteo Historical API,9,3532.8571428571427,-643.8571428571427,2889,18.5,Columbus Dr & Randolph St,Fall
361,2024-12-27,1302,2.8,-8.2,-3.1,0.0,1.5,74,Open-Meteo Historical API,12,1013.1428571428572,288.8571428571429,1302,-3.1,Buckingham Fountain,Winter
241,2024-08-29,3680,25.8,20.0,23.0,3.3,4.9,72,Open-Meteo Historical API,8,3401.1428571428573,278.85714285714266,3680,23.0,Canal St & Adams St,Summer
351,2024-12-17,2828,14.7,7.6,11.0,2.6,4.8,84,Open-Meteo Historical API,12,2112.4285714285716,715.5714285714284,2828,11.0,Streeter Dr & Grand Ave,Winter
1,2024-01-02,1925,5.7,-4.5,-0.2,0.0,3.4,73,Open-Meteo Historical API,1,1822.4,102.59999999999992,1925,-0.2,Theater on the Lake,Winter
12,2024-01-13,1812,14.3,2.0,9.3,27.5,10.0,70,Open-Meteo Historical API,1,1689.857142857143,122.14285714285712,1812,9.3,Canal St & Adams St,Winter
58,2024-02-28,1777,16.1,10.3,13.0,10.3,10.1,90,Open-Meteo Historical API,2,1774.857142857143,2.1428571428571104,1777,13.0,Michigan Ave & Oak St,Winter
275,2024-10-02,3955,20.5,13.1,16.5,0.2,3.7,75,Open-Meteo Historical API,10,3771.428571428571,183.57142857142844,3955,16.5,Navy Pier,Fall
146,2024-05-26,2956,26.3,15.7,20.0,0.7,4.4,87,Open-Meteo Historical API,5,3178.1428571428573,-222.14285714285737,2956,20.0,Shedd Aquarium,Spring
172,2024-06-21,3947,35.3,22.9,28.0,0.0,5.1,59,Open-Meteo Historical API,6,3626.285714285714,320.7142857142858,3947,28.0,Shedd Aquarium,Summer
218,2024-08-06,2776,31.9,21.9,25.6,39.4,4.3,81,Open-Meteo Historical API,8,2783.4285714285716,-7.4285714285715585,2776,25.6,Clinton St & Madison St,Summer
18,2024-01-19,1106,-0.6,-4.4,-2.1,2.1,4.8,71,Open-Meteo Historical API,1,1141.428571428571,-35.42857142857133,1106,-2.1,Buckingham Fountain,Winter
23,2024-01-24,1658,5.9,0.5,3.4,3.3,2.5,94,Open-Meteo Historical API,1,1737.2857142857142,-79.28571428571422,1658,3.4,Navy Pier,Winter
320,2024-11-16,3075,16.7,6.4,11.0,0.0,4.8,35,Open-Meteo Historical API,11,3162.714285714286,-87.71428571428578,3075,11.0,Canal St & Adams St,Fall
342,2024-12-08,1999,11.5,1.8,6.1,0.1,5.2,50,Open-Meteo Historical API,12,2147.4285714285716,-148.42857142857156,1999,6.1,Millennium Park,Winter
160,2024-06-09,3398,25.0,14.5,20.1,0.7,7.0,62,Open-Meteo Historical API,6,3860.428571428571,-462.4285714285715,3398,20.1,Navy Pier,Summer
282,2024-10-09,4056,19.6,8.6,14.6,0.0,5.6,56,Open-Meteo Historical API,10,3890.0,166.0,4056,14.6,Buckingham Fountain,Fall
118,2024-04-28,3354,21.7,8.8,14.9,0.4,4.6,76,Open-Meteo Historical API,4,3062.285714285714,291.7142857142858,3354,14.9,Buckingham Fountain,Spring
322,2024-11-18,3230,18.1,8.2,12.9,0.0,4.5,47,Open-Meteo Historical API,11,2980.5714285714284,249.42857142857156,3230,12.9,Clinton St & Madison St,Fall
350,2024-12-16,1452,9.8,1.8,5.7,13.9,4.2,94,Open-Meteo Historical API,12,2182.8571428571427,-730.8571428571427,1452,5.7,Canal St & Adams St,Winter
307,2024-11-03,2675,13.1,3.4,7.5,0.0,3.9,48,Open-Meteo Historical API,11,3696.285714285714,-1021.2857142857142,2675,7.5,Michigan Ave & Oak St,Fall
3,2024-01-04,2064,6.8,-1.9,2.0,0.2,6.9,65,Open-Meteo Historical API,1,1619.428571428571,444.5714285714286,2064,2.0,Clinton St & Madison St,Winter
336,2024-12-02,2300,4.0,-2.4,0.1,0.0,2.9,58,Open-Meteo Historical API,12,1970.857142857143,329.1428571428571,2300,0.1,Streeter Dr & Grand Ave,Winter
63,2024-03-04,2311,14.4,3.7,8.3,0.0,5.5,87,Open-Meteo Historical API,3,1918.0,393.0,2311,8.3,Millennium Park,Spring
334,2024-11-30,1374,3.7,-1.7,0.8,0.0,4.8,58,Open-Meteo Historical API,11,1701.2857142857142,-327.2857142857142,1374,0.8,Streeter Dr & Grand Ave,Fall
27,2024-01-28,719,4.2,2.6,3.4,21.3,8.3,94,Open-Meteo Historical API,1,1859.0,-1140.0,719,3.4,Michigan Ave & Oak St,Winter
278,2024-10-05,4118,24.0,13.8,18.7,0.1,4.9,68,Open-Meteo Historical API,10,3990.0,128.0,4118,18.7,Streeter Dr & Grand Ave,Fall
108,2024-04-18,2246,8.9,5.2,8.4,2.8,6.8,85,Open-Meteo Historical API,4,2777.5714285714284,-531.5714285714284,2246,8.4,Streeter Dr & Grand Ave,Spring
365,2024-12-31,1731,9.8,2.0,6.5,4.1,4.0,76,Open-Meteo Historical API,12,1413.75,317.25,1731,6.5,Theater on the Lake,Winter
193,2024-07-12,3572,29.1,21.5,25.2,7.5,5.9,77,Open-Meteo Historical API,7,3551.285714285714,20.71428571428578,3572,25.2,Clinton St & Madison St,Summer
335,2024-12-01,1228,2.8,-3.4,-0.7,0.0,5.1,55,Open-Meteo Historical API,12,1685.142857142857,-457.1428571428571,1228,-0.7,Millennium Park,Winter
96,2024-04-06,2318,11.2,3.2,6.7,0.2,8.0,60,Open-Meteo Historical API,4,2275.4285714285716,42.57142857142844,2318,6.7,Navy Pier,Spring
127,2024-05-07,3669,25.9,12.2,19.0,0.0,4.5,60,Open-Meteo Historical API,5,2768.4285714285716,900.5714285714284,3669,19.0,Clinton St & Madison St,Spring
80,2024-03-21,2185,5.4,-3.4,0.7,0.0,8.1,41,Open-Meteo Historical API,3,1907.857142857143,277.1428571428571,2185,0.7,Columbus Dr & Randolph St,Spring
28,2024-01-29,1941,5.7,0.2,2.7,0.6,7.6,74,Open-Meteo Historical API,1,1890.2857142857144,50.71428571428578,1941,2.7,Navy Pier,Winter
101,2024-04-11,2027,17.7,9.2,12.4,12.8,8.1,90,Open-Meteo Historical API,4,2774.5714285714284,-747.5714285714284,2027,12.4,Buckingham Fountain,Spring
297,2024-10-24,4005,20.5,11.7,16.1,0.2,6.7,56,Open-Meteo Historical API,10,3762.285714285714,242.71428571428575,4005,16.1,Clinton St & Madison St,Fall
304,2024-10-31,4625,28.1,11.9,19.6,0.0,5.6,68,Open-Meteo Historical API,10,3784.0,841.0,4625,19.6,Canal St & Adams St,Fall
216,2024-08-04,2463,28.5,23.2,24.8,6.5,4.8,86,Open-Meteo Historical API,8,3118.714285714286,-655.7142857142858,2463,24.8,Streeter Dr & Grand Ave,Summer
29,2024-01-30,2168,4.3,-3.8,0.4,0.0,3.4,72,Open-Meteo Historical API,1,1884.7142857142856,283.2857142857142,2168,0.4,Theater on the Lake,Winter
156,2024-06-05,3762,26.3,14.7,20.2,6.1,6.7,86,Open-Meteo Historical API,6,3862.285714285714,-100.28571428571422,3762,20.2,Shedd Aquarium,Summer
148,2024-05-28,3553,27.0,17.5,21.9,0.0,7.4,70,Open-Meteo Historical API,5,3225.0,328.0,3553,21.9,Columbus Dr & Randolph St,Spring
72,2024-03-13,2763,15.3,2.6,8.4,0.0,4.9,71,Open-Meteo Historical API,3,2570.4285714285716,192.57142857142844,2763,8.4,Canal St & Adams St,Spring
109,2024-04-19,2972,14.0,3.8,8.8,0.0,5.5,79,Open-Meteo Historical API,4,2725.1428571428573,246.85714285714263,2972,8.8,Shedd Aquarium,Spring
360,2024-12-26,874,-0.2,-7.7,-4.7,0.0,2.2,69,Open-Meteo Historical API,12,892.7142857142857,-18.714285714285666,874,-4.7,Streeter Dr & Grand Ave,Winter
79,2024-03-20,2188,11.6,0.6,5.8,2.3,8.1,62,Open-Meteo Historical API,3,1997.571428571429,190.42857142857133,2188,5.8,Canal St & Adams St,Spring
151,2024-05-31,4160,24.4,12.5,18.2,0.0,5.5,50,Open-Meteo Historical API,5,3817.142857142858,342.85714285714266,4160,18.2,Streeter Dr & Grand Ave,Spring
107,2024-04-17,2642,16.2,7.2,10.8,2.7,4.8,71,Open-Meteo Historical API,4,2998.5714285714284,-356.57142857142844,2642,10.8,Millennium Park,Spring
274,2024-10-01,4220,21.3,14.7,17.5,0.1,4.8,75,Open-Meteo Historical API,10,3595.8571428571427,624.1428571428573,4220,17.5,Buckingham Fountain,Fall
283,2024-10-10,4013,18.0,7.5,12.2,0.0,6.0,55,Open-Meteo Historical API,10,3833.285714285714,179.71428571428578,4013,12.2,Streeter Dr & Grand Ave,Fall
170,2024-06-19,4004,31.1,19.9,24.7,0.0,7.1,64,Open-Meteo Historical API,6,3611.142857142858,392.85714285714266,4004,24.7,Columbus Dr & Randolph St,Summer
284,2024-10-11,4079,20.9,5.9,13.3,0.0,5.1,58,Open-Meteo Historical API,10,3728.285714285714,350.7142857142858,4079,13.3,Navy Pier,Fall
353,2024-12-19,2651,6.9,1.3,4.7,2.4,4.2,71,Open-Meteo Historical API,12,1825.857142857143,825.1428571428571,2651,4.7,Shedd Aquarium,Winter
17,2024-01-18,1426,0.2,-6.7,-3.4,0.5,5.4,52,Open-Meteo Historical API,1,1081.0,345.0,1426,-3.4,Theater on the Lake,Winter
169,2024-06-18,3894,29.8,20.4,24.8,0.0,6.6,68,Open-Meteo Historical API,6,3682.428571428571,211.57142857142844,3894,24.8,Michigan Ave & Oak St,Summer
163,2024-06-12,3897,25.8,13.9,19.6,0.0,4.7,68,Open-Meteo Historical API,6,3723.428571428571,173.57142857142844,3897,19.6,Buckingham Fountain,Summer
8,2024-01-09,1221,12.8,-3.9,3.8,29.4,15.9,85,Open-Meteo Historical API,1,1746.142857142857,-525.1428571428571,1221,3.8,Shedd Aquarium,Winter
210,2024-07-29,3613,29.1,21.5,24.6,5.6,5.0,76,Open-Meteo Historical API,7,3852.714285714286,-239.71428571428575,3613,24.6,Michigan Ave & Oak St,Summer
269,2024-09-26,3703,23.1,16.9,20.3,7.2,4.8,89,Open-Meteo Historical API,9,3444.5714285714284,258.42857142857156,3703,20.3,Shedd Aquarium,Fall
261,2024-09-18,4179,23.4,18.1,20.7,0.0,4.8,76,Open-Meteo Historical API,9,4218.571428571428,-39.57142857142844,4179,20.7,Streeter Dr & Grand Ave,Fall
279,2024-10-06,3595,22.2,9.7,15.9,0.0,4.4,72,Open-Meteo Historical API,10,4004.428571428571,-409.4285714285715,3595,15.9,Buckingham Fountain,Fall
289,2024-10-16,3568,15.4,5.5,9.9,0.0,5.6,55,Open-Meteo Historical API,10,3550.0,18.0,3568,9.9,Canal St & Adams St,Fall
326,2024-11-22,1693,5.3,2.4,3.8,18.6,7.2,88,Open-Meteo Historical API,11,2518.714285714286,-825.7142857142858,1693,3.8,Millennium Park,Fall
294,2024-10-21,3679,27.6,7.1,17.0,0.0,3.3,54,Open-Meteo Historical API,10,3835.142857142858,-156.14285714285734,3679,17.0,Streeter Dr & Grand Ave,Fall
174,2024-06-23,2974,35.5,22.8,29.0,0.3,7.6,63,Open-Meteo Historical API,6,3577.8571428571427,-603.8571428571427,2974,29.0,Clinton St & Madison St,Summer
14,2024-01-15,1289,-0.8,-5.8,-3.3,0.8,3.3,49,Open-Meteo Historical API,1,1409.2857142857142,-120.28571428571422,1289,-3.3,Theater on the Lake,Winter
111,2024-04-21,2134,12.0,1.7,7.5,0.0,6.2,52,Open-Meteo Historical API,4,2784.4285714285716,-650.4285714285716,2134,7.5,Shedd Aquarium,Spring
2,2024-01-03,2036,8.3,-1.9,1.7,0.0,4.3,73,Open-Meteo Historical API,1,1716.0,320.0,2036,1.7,Columbus Dr & Randolph St,Winter
205,2024-07-24,3810,29.3,21.2,24.3,14.2,3.9,86,Open-Meteo Historical API,7,3709.285714285714,100.71428571428578,3810,24.3,Millennium Park,Summer
231,2024-08-19,3385,28.5,20.6,23.1,20.6,5.0,86,Open-Meteo Historical API,8,3591.714285714286,-206.71428571428575,3385,23.1,Millennium Park,Summer
238,2024-08-26,3250,29.9,18.4,23.2,1.0,4.4,70,Open-Meteo Historical API,8,3632.428571428571,-382.4285714285715,3250,23.2,Shedd Aquarium,Summer
20,2024-01-21,871,-1.1,-7.5,-4.9,0.0,6.5,51,Open-Meteo Historical API,1,1393.7142857142858,-522.7142857142858,871,-4.9,Columbus Dr & Randolph St,Winter
117,2024-04-27,2596,14.4,3.0,9.0,0.5,7.5,63,Open-Meteo Historical API,4,3031.8571428571427,-435.85714285714266,2596,9.0,Navy Pier,Spring
349,2024-12-15,1559,3.5,-4.4,-0.6,0.0,2.5,69,Open-Meteo Historical API,12,2134.5714285714284,-575.5714285714284,1559,-0.6,Buckingham Fountain,Winter
11,2024-01-12,2199,8.5,-1.6,4.1,0.9,5.7,76,Open-Meteo Historical API,1,1773.7142857142858,425.2857142857142,2199,4.1,Millennium Park,Winter
204,2024-07-23,3412,28.7,21.3,24.3,4.9,3.0,82,Open-Meteo Historical API,7,3692.428571428571,-280.42857142857156,3412,24.3,Navy Pier,Summer
303,2024-10-30,4155,25.3,10.3,17.0,0.0,4.0,75,Open-Meteo Historical API,10,3785.714285714286,369.2857142857142,4155,17.0,Buckingham Fountain,Fall
266,2024-09-23,3528,21.0,13.7,17.3,0.6,5.0,65,Open-Meteo Historical API,9,3999.714285714286,-471.7142857142858,3528,17.3,Streeter Dr & Grand Ave,Fall
254,2024-09-11,4370,25.7,11.8,18.5,0.0,3.5,65,Open-Meteo Historical API,9,4158.142857142857,211.85714285714312,4370,18.5,Navy Pier,Fall
81,2024-03-22,2279,5.5,-5.3,0.8,0.0,5.1,55,Open-Meteo Historical API,3,1916.0,363.0,2279,0.8,Millennium Park,Spring
112,2024-04-22,2737,15.2,1.6,8.6,0.0,5.4,55,Open-Meteo Historical API,4,2894.4285714285716,-157.42857142857156,2737,8.6,Millennium Park,Spring
331,2024-11-27,2713,10.4,2.8,6.4,0.0,2.7,67,Open-Meteo Historical API,11,1909.857142857143,803.1428571428571,2713,6.4,Shedd Aquarium,Fall
25,2024-01-26,1889,7.9,2.7,5.8,4.2,5.0,96,Open-Meteo Historical API,1,1748.2857142857142,140.71428571428578,1889,5.8,Theater on the Lake,Winter
85,2024-03-26,2476,9.6,0.4,5.5,0.0,5.9,63,Open-Meteo Historical API,3,1846.7142857142856,629.2857142857142,2476,5.5,Canal St & Adams St,Spring
75,2024-03-16,2621,13.9,3.9,8.7,0.1,7.2,73,Open-Meteo Historical API,3,2649.714285714286,-28.71428571428578,2621,8.7,Buckingham Fountain,Spring
182,2024-07-01,3544,26.6,16.5,21.8,0.3,6.8,61,Open-Meteo Historical API,7,3700.285714285714,-156.28571428571422,3544,21.8,Millennium Park,Summer
276,2024-10-03,4158,21.9,14.0,17.5,0.1,3.8,77,Open-Meteo Historical API,10,4034.285714285714,123.71428571428578,4158,17.5,Theater on the Lake,Fall
161,2024-06-10,3622,24.7,14.8,19.5,0.0,5.0,55,Open-Meteo Historical API,6,3929.0,-307.0,3622,19.5,Canal St & Adams St,Summer
15,2024-01-16,634,-0.1,-5.5,-2.4,9.9,6.9,82,Open-Meteo Historical API,1,1253.142857142857,-619.1428571428571,634,-2.4,Columbus Dr & Randolph St,Winter
116,2024-04-26,3317,14.5,1.1,8.2,0.0,5.5,68,Open-Meteo Historical API,4,3034.285714285714,282.7142857142858,3317,8.2,Clinton St & Madison St,Spring
344,2024-12-10,2377,10.9,6.6,8.4,1.3,4.0,95,Open-Meteo Historical API,12,2131.285714285714,245.71428571428575,2377,8.4,Canal St & Adams St,Winter
343,2024-12-09,2055,10.6,2.0,6.2,7.7,3.4,81,Open-Meteo Historical API,12,2126.5714285714284,-71.57142857142844,2055,6.2,Theater on the Lake,Winter
179,2024-06-28,4116,25.5,15.1,20.0,0.0,5.9,50,Open-Meteo Historical API,6,3602.8571428571427,513.1428571428573,4116,20.0,Buckingham Fountain,Summer
197,2024-07-16,3742,34.4,22.7,28.8,3.1,7.5,65,Open-Meteo Historical API,7,3630.142857142858,111.85714285714266,3742,28.8,Columbus Dr & Randolph St,Summer
135,2024-05-15,2008,18.9,13.7,15.5,7.4,7.1,89,Open-Meteo Historical API,5,2739.5714285714284,-731.5714285714284,2008,15.5,Millennium Park,Spring
302,2024-10-29,3704,17.4,6.1,12.9,0.7,6.5,79,Open-Meteo Historical API,10,3806.857142857142,-102.85714285714266,3704,12.9,Shedd Aquarium,Fall
87,2024-03-28,1451,10.1,6.5,8.2,25.8,5.2,93,Open-Meteo Historical API,3,2094.0,-643.0,1451,8.2,Michigan Ave & Oak St,Spring
318,2024-11-14,3022,8.1,1.8,5.2,0.0,2.9,48,Open-Meteo Historical API,11,3130.5714285714284,-108.57142857142844,3022,5.2,Columbus Dr & Randolph St,Fall
293,2024-10-20,3269,24.3,6.2,14.0,0.0,3.2,61,Open-Meteo Historical API,10,3778.285714285714,-509.2857142857142,3269,14.0,Buckingham Fountain,Fall
154,2024-06-03,3428,29.7,17.8,23.4,0.0,4.2,65,Open-Meteo Historical API,6,3841.857142857142,-413.85714285714266,3428,23.4,Clinton St & Madison St,Summer
192,2024-07-11,3754,33.1,24.3,27.4,3.0,8.3,68,Open-Meteo Historical API,7,3536.4285714285716,217.57142857142844,3754,27.4,Shedd Aquarium,Summer
131,2024-05-11,3479,16.8,7.0,11.3,0.0,6.0,72,Open-Meteo Historical API,5,2837.8571428571427,641.1428571428573,3479,11.3,Shedd Aquarium,Spring
22,2024-01-23,1902,4.1,-1.3,1.2,2.0,5.4,70,Open-Meteo Historical API,1,1586.142857142857,315.8571428571429,1902,1.2,Michigan Ave & Oak St,Winter
186,2024-07-05,2544,31.6,21.4,25.6,12.3,5.5,84,Open-Meteo Historical API,7,3387.5714285714284,-843.5714285714284,2544,25.6,Millennium Park,Summer
292,2024-10-19,3728,21.4,5.4,12.7,0.0,3.1,60,Open-Meteo Historical API,10,3710.571428571429,17.42857142857156,3728,12.7,Streeter Dr & Grand Ave,Fall
5,2024-01-06,1184,3.1,-4.9,-0.6,11.5,8.4,84,Open-Meteo Historical API,1,1643.428571428571,-459.4285714285714,1184,-0.6,Streeter Dr & Grand Ave,Winter
91,2024-04-01,2222,11.7,4.5,8.2,2.5,4.0,77,Open-Meteo Historical API,4,1768.7142857142858,453.2857142857142,2222,8.2,Columbus Dr & Randolph St,Spring
332,2024-11-28,459,11.5,5.3,7.1,20.9,5.8,84,Open-Meteo Historical API,11,1784.0,-1325.0,459,7.1,Buckingham Fountain,Fall
362,2024-12-28,619,7.7,1.8,4.5,4.7,2.2,95,Open-Meteo Historical API,12,1173.2857142857142,-554.2857142857142,619,4.5,Shedd Aquarium,Winter
153,2024-06-02,3764,27.5,13.7,20.8,0.0,5.9,58,Open-Meteo Historical API,6,3870.285714285714,-106.28571428571422,3764,20.8,Streeter Dr & Grand Ave,Summer
199,2024-07-18,3941,30.8,21.4,25.7,0.8,3.6,69,Open-Meteo Historical API,7,3714.857142857142,226.14285714285737,3941,25.7,Columbus Dr & Randolph St,Summer
168,2024-06-17,3186,28.0,16.0,22.2,0.0,8.1,73,Open-Meteo Historical API,6,3623.714285714286,-437.7142857142858,3186,22.2,Navy Pier,Summer
319,2024-11-15,3619,14.8,3.7,8.5,0.0,3.8,41,Open-Meteo Historical API,11,3136.4285714285716,482.5714285714285,3619,8.5,Navy Pier,Fall
321,2024-11-17,2625,18.2,6.9,11.8,0.0,3.7,35,Open-Meteo Historical API,11,3219.0,-594.0,2625,11.8,Canal St & Adams St,Fall
330,2024-11-26,2480,14.7,7.3,11.0,2.8,4.4,74,Open-Meteo Historical API,11,2076.714285714286,403.2857142857142,2480,11.0,Streeter Dr & Grand Ave,Fall
130,2024-05-10,2141,14.6,9.5,10.6,9.7,6.1,81,Open-Meteo Historical API,5,2918.285714285714,-777.2857142857142,2141,10.6,Clinton St & Madison St,Spring
195,2024-07-14,3137,31.5,21.7,26.4,0.5,5.1,79,Open-Meteo Historical API,7,3491.8571428571427,-354.85714285714266,3137,26.4,Columbus Dr & Randolph St,Summer
325,2024-11-21,1353,12.0,5.2,9.0,43.8,4.6,90,Open-Meteo Historical API,11,2555.5714285714284,-1202.5714285714284,1353,9.0,Millennium Park,Fall
243,2024-08-31,3007,26.1,17.1,21.8,0.5,4.7,81,Open-Meteo Historical API,8,3335.8571428571427,-328.85714285714266,3007,21.8,Millennium Park,Summer
21,2024-01-22,1712,3.4,-7.1,-2.4,0.0,5.0,56,Open-Meteo Historical API,1,1474.2857142857142,237.71428571428575,1712,-2.4,Columbus Dr & Randolph St,Winter
253,2024-09-10,4178,26.1,13.6,19.6,0.0,3.5,57,Open-Meteo Historical API,9,4006.714285714286,171.28571428571422,4178,19.6,Navy Pier,Fall
355,2024-12-21,876,0.8,-6.2,-2.4,3.4,6.4,74,Open-Meteo Historical API,12,1459.7142857142858,-583.7142857142858,876,-2.4,Streeter Dr & Grand Ave,Winter
209,2024-07-28,3351,31.5,17.5,24.4,0.0,5.4,60,Open-Meteo Historical API,7,3865.714285714286,-514.7142857142858,3351,24.4,Clinton St & Madison St,Summer
181,2024-06-30,2572,32.9,22.4,26.2,26.7,6.2,83,Open-Meteo Historical API,6,3615.0,-1043.0,2572,26.2,Columbus Dr & Randolph St,Summer
171,2024-06-20,3919,33.4,20.0,26.3,0.0,6.0,61,Open-Meteo Historical API,6,3618.142857142858,300.85714285714266,3919,26.3,Theater on the Lake,Summer
155,2024-06-04,3680,26.0,16.0,21.0,0.0,4.8,75,Open-Meteo Historical API,6,3877.571428571429,-197.57142857142844,3680,21.0,Streeter Dr & Grand Ave,Summer
162,2024-06-11,3704,23.4,13.2,18.9,0.4,2.8,66,Open-Meteo Historical API,6,3804.142857142858,-100.14285714285734,3704,18.9,Theater on the Lake,Summer
123,2024-05-03,3487,17.2,9.3,13.7,0.0,5.2,71,Open-Meteo Historical API,5,2888.4285714285716,598.5714285714284,3487,13.7,Clinton St & Madison St,Spring
32,2024-02-02,1850,5.7,1.6,3.6,7.2,5.6,85,Open-Meteo Historical API,2,1997.0,-147.0,1850,3.6,Canal St & Adams St,Winter
113,2024-04-23,2997,14.8,2.7,9.1,0.0,7.6,62,Open-Meteo Historical API,4,2943.714285714286,53.28571428571422,2997,9.1,Navy Pier,Spring
24,2024-01-25,1990,11.4,5.8,9.2,6.5,5.9,96,Open-Meteo Historical API,1,1715.571428571429,274.42857142857133,1990,9.2,Michigan Ave & Oak St,Winter
301,2024-10-28,3415,16.3,3.1,9.3,0.0,4.1,61,Open-Meteo Historical API,10,3785.571428571429,-370.5714285714285,3415,9.3,Buckingham Fountain,Fall
92,2024-04-02,964,8.9,6.0,7.1,17.6,6.2,92,Open-Meteo Historical API,4,1778.142857142857,-814.1428571428571,964,7.1,Clinton St & Madison St,Spring
213,2024-08-01,3954,35.3,20.7,27.5,0.2,5.7,70,Open-Meteo Historical API,8,3494.4285714285716,459.5714285714285,3954,27.5,Buckingham Fountain,Summer
327,2024-11-23,2542,9.0,3.0,5.9,0.9,7.2,77,Open-Meteo Historical API,11,2382.714285714286,159.28571428571422,2542,5.9,Navy Pier,Fall
258,2024-09-15,3547,27.8,15.7,21.2,0.0,5.0,70,Open-Meteo Historical API,9,4143.857142857143,-596.8571428571431,3547,21.2,Streeter Dr & Grand Ave,Fall
26,2024-01-27,2139,8.5,2.0,5.2,0.0,3.6,84,Open-Meteo Historical API,1,1786.2857142857142,352.7142857142858,2139,5.2,Navy Pier,Winter
93,2024-04-03,645,6.8,4.3,5.7,26.3,13.2,89,Open-Meteo Historical API,4,1817.2857142857144,-1172.2857142857142,645,5.7,Columbus Dr & Randolph St,Spring
16,2024-01-17,1160,-4.0,-9.0,-6.4,0.0,6.7,52,Open-Meteo Historical API,1,1148.7142857142858,11.28571428571422,1160,-6.4,Streeter Dr & Grand Ave,Winter
333,2024-11-29,1262,7.9,1.5,4.1,0.4,4.9,71,Open-Meteo Historical API,11,1688.0,-426.0,1262,4.1,Shedd Aquarium,Fall
132,2024-05-12,1563,13.6,8.2,10.4,5.7,3.5,80,Open-Meteo Historical API,5,2650.5714285714284,-1087.5714285714284,1563,10.4,Canal St & Adams St,Spring
167,2024-06-16,2925,24.9,14.5,19.2,0.0,4.8,60,Open-Meteo Historical API,6,3636.0,-711.0,2925,19.2,Clinton St & Madison St,Summer
38,2024-02-08,2459,9.8,-3.2,2.3,0.0,3.0,69,Open-Meteo Historical API,2,2298.285714285714,160.71428571428578,2459,2.3,Theater on the Lake,Winter
86,2024-03-27,2178,10.9,4.6,7.5,0.3,4.1,80,Open-Meteo Historical API,3,2067.5714285714284,110.42857142857156,2178,7.5,Shedd Aquarium,Spring
317,2024-11-13,3136,9.4,1.5,5.4,0.0,4.1,42,Open-Meteo Historical API,11,3100.5714285714284,35.42857142857156,3136,5.4,Michigan Ave & Oak St,Fall
30,2024-01-31,2167,4.3,-1.9,2.0,0.2,3.6,74,Open-Meteo Historical API,1,1865.428571428571,301.57142857142867,2167,2.0,Millennium Park,Winter
73,2024-03-14,3166,21.0,3.0,11.5,0.0,3.9,69,Open-Meteo Historical API,3,2678.0,488.0,3166,11.5,Michigan Ave & Oak St,Spring
323,2024-11-19,3432,14.8,6.1,11.0,0.0,3.9,50,Open-Meteo Historical API,11,2705.4285714285716,726.5714285714284,3432,11.0,Streeter Dr & Grand Ave,Fall
262,2024-09-19,4527,30.3,16.2,23.0,0.0,4.8,59,Open-Meteo Historical API,9,4241.0,286.0,4527,23.0,Millennium Park,Fall
55,2024-02-25,1439,3.5,-6.9,-2.2,0.0,4.5,56,Open-Meteo Historical API,2,1890.0,-451.0,1439,-2.2,Theater on the Lake,Winter
47,2024-02-17,1008,2.2,-4.2,-0.7,5.6,6.0,71,Open-Meteo Historical API,2,1630.2857142857142,-622.2857142857142,1008,-0.7,Millennium Park,Winter
329,2024-11-25,2972,10.5,3.1,6.8,0.0,3.3,68,Open-Meteo Historical API,11,2138.285714285714,833.7142857142858,2972,6.8,Streeter Dr & Grand Ave,Fall
246,2024-09-03,3645,23.1,12.4,17.9,0.0,4.4,53,Open-Meteo Historical API,9,3544.714285714286,100.28571428571422,3645,17.9,Canal St & Adams St,Fall
150,2024-05-30,3724,21.5,14.3,17.6,4.3,5.8,67,Open-Meteo Historical API,5,3546.0,178.0,3724,17.6,Clinton St & Madison St,Spring
164,2024-06-13,4005,28.3,13.6,21.5,0.0,8.3,68,Open-Meteo Historical API,6,3655.857142857142,349.14285714285734,4005,21.5,Shedd Aquarium,Summer
245,2024-09-02,3039,26.2,17.6,21.8,0.0,5.3,58,Open-Meteo Historical API,9,3417.1428571428573,-378.14285714285734,3039,21.8,Canal St & Adams St,Fall
121,2024-05-01,3305,24.3,10.0,14.9,1.5,5.6,80,Open-Meteo Historical API,5,3211.8571428571427,93.14285714285734,3305,14.9,Millennium Park,Spring
223,2024-08-11,3352,27.5,18.8,23.1,0.1,5.2,64,Open-Meteo Historical API,8,3378.0,-26.0,3352,23.1,Columbus Dr & Randolph St,Summer
225,2024-08-13,3999,27.5,16.4,22.0,0.0,3.4,62,Open-Meteo Historical API,8,3802.428571428571,196.57142857142844,3999,22.0,Buckingham Fountain,Summer
177,2024-06-26,3590,34.7,23.3,27.9,0.6,7.3,55,Open-Meteo Historical API,6,3617.285714285714,-27.28571428571422,3590,27.9,Columbus Dr & Randolph St,Summer
260,2024-09-17,4331,27.3,14.8,20.3,0.0,4.0,77,Open-Meteo Historical API,9,4174.571428571428,156.42857142857156,4331,20.3,Streeter Dr & Grand Ave,Fall
237,2024-08-25,3098,30.5,16.3,23.2,0.2,4.8,66,Open-Meteo Historical API,8,3692.857142857142,-594.8571428571427,3098,23.2,Buckingham Fountain,Summer
201,2024-07-20,3688,29.0,17.6,24.0,1.5,4.8,68,Open-Meteo Historical API,7,3649.0,39.0,3688,24.0,Buckingham Fountain,Summer
255,2024-09-12,4267,26.5,14.8,19.9,0.0,4.4,77,Open-Meteo Historical API,9,4169.0,98.0,4267,19.9,Canal St & Adams St,Fall
10,2024-01-11,2420,7.9,0.2,4.6,0.0,6.3,64,Open-Meteo Historical API,1,1879.428571428571,540.5714285714287,2420,4.6,Clinton St & Madison St,Winter
99,2024-04-09,3205,23.3,4.9,13.7,0.0,4.9,64,Open-Meteo Historical API,4,2581.8571428571427,623.1428571428573,3205,13.7,Navy Pier,Spring
363,2024-12-29,1355,14.8,5.5,9.7,4.0,6.5,92,Open-Meteo Historical API,12,1305.1666666666667,49.83333333333326,1355,9.7,Columbus Dr & Randolph St,Winter
207,2024-07-26,4250,29.5,18.1,23.7,0.0,5.3,51,Open-Meteo Historical API,7,3755.285714285714,494.7142857142858,4250,23.7,Clinton St & Madison St,Summer
214,2024-08-02,3437,33.5,23.5,27.1,5.6,7.4,77,Open-Meteo Historical API,8,3499.0,-62.0,3437,27.1,Streeter Dr & Grand Ave,Summer
264,2024-09-21,4523,26.7,15.4,20.1,0.0,5.0,65,Open-Meteo Historical API,9,4144.571428571428,378.4285714285715,4523,20.1,Navy Pier,Fall
158,2024-06-07,4410,28.2,18.2,22.8,1.3,6.1,67,Open-Meteo Historical API,6,3837.714285714286,572.2857142857142,4410,22.8,Michigan Ave & Oak St,Summer
188,2024-07-07,2845,32.4,23.3,27.7,1.2,3.5,75,Open-Meteo Historical API,7,3390.5714285714284,-545.5714285714284,2845,27.7,Buckingham Fountain,Summer
40,2024-02-10,2504,15.8,1.1,7.9,0.1,4.9,84,Open-Meteo Historical API,2,2122.285714285714,381.7142857142858,2504,7.9,Columbus Dr & Randolph St,Winter
287,2024-10-14,3095,19.9,8.6,13.4,0.1,10.0,68,Open-Meteo Historical API,10,3538.714285714286,-443.7142857142858,3095,13.4,Navy Pier,Fall
128,2024-05-08,3319,30.5,15.6,22.7,0.3,6.9,64,Open-Meteo Historical API,5,2843.8571428571427,475.14285714285734,3319,22.7,Canal St & Adams St,Spring
57,2024-02-27,1957,13.1,-0.1,7.2,3.9,8.6,85,Open-Meteo Historical API,2,1922.7142857142856,34.28571428571422,1957,7.2,Columbus Dr & Randolph St,Winter
31,2024-02-01,2209,8.8,-3.3,2.3,0.0,5.8,81,Open-Meteo Historical API,2,2000.142857142857,208.8571428571429,2209,2.3,Buckingham Fountain,Winter
104,2024-04-14,3681,18.5,6.1,13.1,0.9,6.7,59,Open-Meteo Historical API,4,2757.5714285714284,923.4285714285716,3681,13.1,Millennium Park,Spring
84,2024-03-25,2329,9.7,-1.0,4.0,0.0,6.2,53,Open-Meteo Historical API,3,1838.857142857143,490.1428571428571,2329,4.0,Clinton St & Madison St,Spring
347,2024-12-13,2428,0.3,-3.3,-2.0,0.0,3.4,52,Open-Meteo Historical API,12,1957.428571428571,470.5714285714286,2428,-2.0,Buckingham Fountain,Winter
356,2024-12-22,661,-6.6,-11.3,-8.7,0.0,4.1,59,Open-Meteo Historical API,12,1174.571428571429,-513.5714285714287,661,-8.7,Clinton St & Madison St,Winter
232,2024-08-20,3962,22.8,16.8,19.3,0.2,5.8,60,Open-Meteo Historical API,8,3580.0,382.0,3962,19.3,Michigan Ave & Oak St,Summer
133,2024-05-13,2916,19.0,5.4,12.5,0.3,6.2,80,Open-Meteo Historical API,5,2559.5714285714284,356.42857142857156,2916,12.5,Buckingham Fountain,Spring
230,2024-08-18,2540,25.3,21.5,22.8,18.9,6.8,89,Open-Meteo Historical API,8,3569.5714285714284,-1029.5714285714284,2540,22.8,Shedd Aquarium,Summer
196,2024-07-15,3551,32.7,23.1,27.9,1.3,5.4,80,Open-Meteo Historical API,7,3518.5714285714284,32.42857142857156,3551,27.9,Navy Pier,Summer
175,2024-06-24,3243,27.3,22.0,25.2,0.0,10.3,54,Open-Meteo Historical API,6,3587.285714285714,-344.2857142857142,3243,25.2,Columbus Dr & Randolph St,Summer
202,2024-07-21,3222,31.5,19.9,25.9,0.1,5.9,64,Open-Meteo Historical API,7,3692.285714285714,-470.2857142857142,3222,25.9,Theater on the Lake,Summer
165,2024-06-14,3536,28.9,19.3,22.9,9.3,4.4,76,Open-Meteo Historical API,6,3593.5714285714284,-57.57142857142844,3536,22.9,Millennium Park,Summer
341,2024-12-07,2158,4.9,-2.4,1.0,0.0,4.0,56,Open-Meteo Historical API,12,2291.8571428571427,-133.85714285714266,2158,1.0,Canal St & Adams St,Winter
67,2024-03-08,2738,12.7,0.6,5.9,0.0,6.0,67,Open-Meteo Historical API,3,1763.0,975.0,2738,5.9,Michigan Ave & Oak St,Spring
140,2024-05-20,3315,25.0,10.4,16.2,0.0,5.4,82,Open-Meteo Historical API,5,3642.571428571429,-327.57142857142844,3315,16.2,Millennium Park,Spring
141,2024-05-21,3843,26.0,12.4,18.3,0.0,4.8,83,Open-Meteo Historical API,5,3666.714285714286,176.28571428571422,3843,18.3,Millennium Park,Spring
290,2024-10-17,3607,15.2,2.8,9.4,0.0,6.2,57,Open-Meteo Historical API,10,3560.1428571428573,46.85714285714266,3607,9.4,Clinton St & Madison St,Fall
114,2024-04-24,3092,21.2,8.4,13.2,1.4,8.3,58,Open-Meteo Historical API,4,2841.285714285714,250.71428571428575,3092,13.2,Clinton St & Madison St,Spring
144,2024-05-24,3886,29.2,15.6,22.3,0.0,5.1,64,Open-Meteo Historical API,5,3313.8571428571427,572.1428571428573,3886,22.3,Buckingham Fountain,Spring
345,2024-12-11,1589,15.6,6.4,13.1,35.4,7.3,94,Open-Meteo Historical API,12,2106.4285714285716,-517.4285714285716,1589,13.1,Michigan Ave & Oak St,Winter
251,2024-09-08,3471,22.1,11.5,16.4,0.0,5.8,60,Open-Meteo Historical API,9,3938.428571428571,-467.4285714285715,3471,16.4,Michigan Ave & Oak St,Fall
270,2024-09-27,4280,22.3,18.8,20.5,0.7,4.0,81,Open-Meteo Historical API,9,3496.8571428571427,783.1428571428573,4280,20.5,Buckingham Fountain,Fall
217,2024-08-05,3645,32.0,20.4,26.7,0.0,5.6,70,Open-Meteo Historical API,8,2898.5714285714284,746.4285714285716,3645,26.7,Millennium Park,Summer
183,2024-07-02,3743,28.8,16.0,22.5,0.0,4.5,54,Open-Meteo Historical API,7,3475.714285714286,267.2857142857142,3743,22.5,Navy Pier,Summer
41,2024-02-11,2077,9.1,3.7,6.9,0.0,4.1,73,Open-Meteo Historical API,2,2054.5714285714284,22.42857142857156,2077,6.9,Michigan Ave & Oak St,Winter
295,2024-10-22,4010,27.5,12.1,18.8,0.0,3.6,65,Open-Meteo Historical API,10,3836.857142857142,173.14285714285734,4010,18.8,Michigan Ave & Oak St,Fall
298,2024-10-25,4125,17.9,6.3,11.8,0.0,4.2,57,Open-Meteo Historical API,10,3724.571428571429,400.4285714285715,4125,11.8,Columbus Dr & Randolph St,Fall
248,2024-09-05,4039,25.6,12.6,19.2,0.0,3.9,68,Open-Meteo Historical API,9,3671.0,368.0,4039,19.2,Theater on the Lake,Fall
53,2024-02-23,2160,7.9,2.6,4.8,3.7,3.6,92,Open-Meteo Historical API,2,1929.0,231.0,2160,4.8,Theater on the Lake,Winter
59,2024-02-29,2101,6.4,-2.6,0.8,0.2,9.4,44,Open-Meteo Historical API,2,1995.2857142857144,105.71428571428578,2101,0.8,Millennium Park,Winter
36,2024-02-06,2223,5.7,-4.6,-0.3,0.0,4.6,54,Open-Meteo Historical API,2,2167.5714285714284,55.42857142857156,2223,-0.3,Theater on the Lake,Winter
191,2024-07-10,3891,31.2,24.6,27.4,0.1,10.2,77,Open-Meteo Historical API,7,3494.714285714286,396.2857142857142,3891,27.4,Streeter Dr & Grand Ave,Summer
257,2024-09-14,4215,29.4,15.4,22.0,0.0,4.6,74,Open-Meteo Historical API,9,4171.142857142857,43.85714285714312,4215,22.0,Navy Pier,Fall
48,2024-02-18,1139,3.6,-6.2,-2.1,0.0,7.3,60,Open-Meteo Historical API,2,1662.428571428571,-523.4285714285713,1139,-2.1,Clinton St & Madison St,Winter
143,2024-05-23,3670,27.2,18.9,22.6,2.9,4.5,76,Open-Meteo Historical API,5,3568.8571428571427,101.14285714285734,3670,22.6,Michigan Ave & Oak St,Spring
6,2024-01-07,1040,3.0,-0.5,1.7,8.4,8.0,91,Open-Meteo Historical API,1,1656.857142857143,-616.8571428571429,1040,1.7,Michigan Ave & Oak St,Winter
97,2024-04-07,2327,13.5,1.8,7.0,0.0,6.6,61,Open-Meteo Historical API,4,2609.714285714286,-282.7142857142858,2327,7.0,Buckingham Fountain,Spring
222,2024-08-10,3873,29.4,22.2,25.4,5.6,5.2,72,Open-Meteo Historical API,8,3191.5714285714284,681.4285714285716,3873,25.4,Millennium Park,Summer
69,2024-03-10,1536,11.0,2.3,7.4,21.9,8.4,71,Open-Meteo Historical API,3,2180.285714285714,-644.2857142857142,1536,7.4,Streeter Dr & Grand Ave,Spring
83,2024-03-24,1661,8.3,-2.2,2.5,0.0,8.8,44,Open-Meteo Historical API,3,1943.7142857142856,-282.7142857142858,1661,2.5,Michigan Ave & Oak St,Spring
364,2024-12-30,1950,13.3,8.1,11.6,4.2,7.3,77,Open-Meteo Historical API,12,1391.4,558.5999999999999,1950,11.6,Clinton St & Madison St,Winter
176,2024-06-25,3969,33.5,20.1,26.0,0.0,8.2,43,Open-Meteo Historical API,6,3611.428571428571,357.57142857142844,3969,26.0,Buckingham Fountain,Summer
49,2024-02-19,1526,4.1,-3.7,-0.1,0.0,5.8,49,Open-Meteo Historical API,2,1667.0,-141.0,1526,-0.1,Shedd Aquarium,Winter
190,2024-07-09,3774,31.4,22.2,26.7,0.1,6.6,82,Open-Meteo Historical API,7,3419.1428571428573,354.85714285714266,3774,26.7,Millennium Park,Summer
220,2024-08-08,2413,23.1,18.6,20.8,20.3,6.2,88,Open-Meteo Historical API,8,3035.285714285714,-622.2857142857142,2413,20.8,Theater on the Lake,Summer
300,2024-10-27,2687,14.7,3.7,9.5,0.0,5.1,49,Open-Meteo Historical API,10,3697.0,-1010.0,2687,9.5,Millennium Park,Fall
296,2024-10-23,4042,23.4,10.7,17.2,0.0,6.2,75,Open-Meteo Historical API,10,3845.428571428571,196.57142857142844,4042,17.2,Shedd Aquarium,Fall
136,2024-05-16,2704,18.8,14.9,16.5,4.2,8.4,86,Open-Meteo Historical API,5,3032.4285714285716,-328.42857142857156,2704,16.5,Columbus Dr & Randolph St,Spring
194,2024-07-13,3180,30.1,22.0,25.0,32.0,4.7,84,Open-Meteo Historical API,7,3546.714285714286,-366.7142857142858,3180,25.0,Navy Pier,Summer
288,2024-10-15,3541,14.8,5.3,9.7,0.0,5.6,57,Open-Meteo Historical API,10,3543.5714285714284,-2.5714285714284415,3541,9.7,Clinton St & Madison St,Fall
227,2024-08-15,3948,30.6,17.1,24.2,0.0,3.0,64,Open-Meteo Historical API,8,3599.5714285714284,348.42857142857156,3948,24.2,Shedd Aquarium,Summer
122,2024-05-02,3538,27.1,9.1,17.5,0.0,6.2,71,Open-Meteo Historical API,5,2894.0,644.0,3538,17.5,Michigan Ave & Oak St,Spring
0,2024-01-01,1157,7.5,-0.7,3.2,0.1,3.9,76,Open-Meteo Historical API,1,1795.5,-638.5,1157,3.2,Columbus Dr & Randolph St,Winter
125,2024-05-05,1129,12.5,9.1,10.6,8.3,5.9,87,Open-Meteo Historical API,5,2988.8571428571427,-1859.857142857143,1129,10.6,Clinton St & Madison St,Spring
348,2024-12-14,1984,0.8,-5.1,-2.4,0.0,2.3,53,Open-Meteo Historical API,12,2021.857142857143,-37.85714285714289,1984,-2.4,Shedd Aquarium,Winter
119,2024-04-29,2868,28.3,13.9,19.9,3.5,4.2,80,Open-Meteo Historical API,4,3136.8571428571427,-268.85714285714266,2868,19.9,Canal St & Adams St,Spring
265,2024-09-22,3704,24.4,13.7,18.6,0.0,5.0,67,Open-Meteo Historical API,9,4117.428571428572,-413.4285714285715,3704,18.6,Michigan Ave & Oak St,Fall
200,2024-07-19,4353,29.3,18.1,23.9,0.0,4.2,55,Open-Meteo Historical API,7,3696.142857142858,656.8571428571427,4353,23.9,Navy Pier,Summer
228,2024-08-16,4067,30.4,18.3,24.1,0.0,4.9,72,Open-Meteo Historical API,8,3580.8571428571427,486.14285714285734,4067,24.1,Navy Pier,Summer
106,2024-04-16,3032,20.4,6.2,13.7,0.0,5.1,53,Open-Meteo Historical API,4,2855.714285714286,176.28571428571422,3032,13.7,Millennium Park,Spring
308,2024-11-04,3154,14.4,2.4,8.9,0.0,5.2,71,Open-Meteo Historical API,11,3565.5714285714284,-411.5714285714285,3154,8.9,Canal St & Adams St,Fall
7,2024-01-08,2029,6.4,-2.4,1.7,0.0,5.0,70,Open-Meteo Historical API,1,1707.7142857142858,321.2857142857142,2029,1.7,Theater on the Lake,Winter
312,2024-11-08,3762,20.7,5.5,13.2,0.0,7.8,54,Open-Meteo Historical API,11,3361.5714285714284,400.4285714285715,3762,13.2,Navy Pier,Fall
76,2024-03-17,2289,15.5,6.7,10.7,0.0,8.3,59,Open-Meteo Historical API,3,2567.5714285714284,-278.57142857142844,2289,10.7,Canal St & Adams St,Spring
147,2024-05-27,1530,22.6,17.0,19.2,48.1,7.3,94,Open-Meteo Historical API,5,3185.8571428571427,-1655.857142857143,1530,19.2,Michigan Ave & Oak St,Spring
129,2024-05-09,3341,20.9,14.1,17.3,0.0,4.2,60,Open-Meteo Historical API,5,2905.8571428571427,435.14285714285734,3341,17.3,Canal St & Adams St,Spring
78,2024-03-19,2272,7.5,0.3,3.6,0.4,7.9,51,Open-Meteo Historical API,3,2300.8571428571427,-28.857142857142662,2272,3.6,Michigan Ave & Oak St,Spring
126,2024-05-06,2829,22.0,12.0,16.5,0.8,3.5,89,Open-Meteo Historical API,5,2960.714285714286,-131.71428571428578,2829,16.5,Shedd Aquarium,Spring
236,2024-08-24,3763,29.9,14.9,22.2,0.0,3.7,65,Open-Meteo Historical API,8,3701.428571428571,61.57142857142844,3763,22.2,Shedd Aquarium,Summer
256,2024-09-13,4628,27.9,13.5,20.1,0.0,4.0,75,Open-Meteo Historical API,9,4149.285714285715,478.7142857142853,4628,20.1,Navy Pier,Fall
159,2024-06-08,4467,25.2,15.3,20.4,0.0,7.3,56,Open-Meteo Historical API,6,3841.142857142858,625.8571428571427,4467,20.4,Shedd Aquarium,Summer
51,2024-02-21,2104,5.1,-5.6,-0.9,0.0,4.1,71,Open-Meteo Historical API,2,1805.0,299.0,2104,-0.9,Shedd Aquarium,Winter
189,2024-07-08,3447,32.8,23.5,27.0,0.0,4.4,78,Open-Meteo Historical API,7,3272.285714285714,174.71428571428578,3447,27.0,Shedd Aquarium,Summer
142,2024-05-22,4177,28.0,15.4,21.2,0.0,6.5,74,Open-Meteo Historical API,5,3662.714285714286,514.2857142857142,4177,21.2,Shedd Aquarium,Spring
198,2024-07-17,3507,31.9,23.4,27.1,25.7,5.3,79,Open-Meteo Historical API,7,3702.714285714286,-195.71428571428575,3507,27.1,Navy Pier,Summer
281,2024-10-08,3974,20.5,10.3,15.2,0.0,4.6,57,Open-Meteo Historical API,10,3952.142857142858,21.857142857142662,3974,15.2,Columbus Dr & Randolph St,Fall
206,2024-07-25,4045,30.6,20.4,24.9,0.1,5.0,72,Open-Meteo Historical API,7,3727.714285714286,317.2857142857142,4045,24.9,Buckingham Fountain,Summer
250,2024-09-07,3155,23.9,14.6,19.9,5.1,7.4,83,Open-Meteo Historical API,9,3881.285714285714,-726.2857142857142,3155,19.9,Millennium Park,Fall
187,2024-07-06,2651,32.1,22.5,27.2,1.4,4.9,80,Open-Meteo Historical API,7,3392.0,-741.0,2651,27.2,Theater on the Lake,Summer
68,2024-03-09,1038,7.8,3.2,5.2,26.8,8.8,84,Open-Meteo Historical API,3,1974.7142857142856,-936.7142857142858,1038,5.2,Canal St & Adams St,Spring
235,2024-08-23,3985,28.0,13.9,20.8,0.0,4.5,64,Open-Meteo Historical API,8,3711.571428571429,273.42857142857156,3985,20.8,Millennium Park,Summer
105,2024-04-15,3104,24.4,9.7,17.7,0.0,7.0,63,Open-Meteo Historical API,4,2788.8571428571427,315.14285714285734,3104,17.7,Canal St & Adams St,Spring
98,2024-04-08,2707,17.7,1.7,8.8,0.0,4.2,64,Open-Meteo Historical API,4,2567.0,140.0,2707,8.8,Canal St & Adams St,Spring
178,2024-06-27,3985,30.4,21.5,24.9,9.4,6.0,62,Open-Meteo Historical API,6,3559.8571428571427,425.14285714285734,3985,24.9,Michigan Ave & Oak St,Summer
203,2024-07-22,3420,28.4,21.0,24.8,3.3,5.9,77,Open-Meteo Historical API,7,3707.142857142858,-287.14285714285734,3420,24.8,Navy Pier,Summer
299,2024-10-26,3788,18.2,9.3,13.4,0.0,7.0,47,Open-Meteo Historical API,10,3680.857142857142,107.14285714285734,3788,13.4,Theater on the Lake,Fall
152,2024-06-01,4574,28.2,13.1,20.5,0.0,4.8,47,Open-Meteo Historical API,6,3835.285714285714,738.7142857142858,4574,20.5,Millennium Park,Summer
173,2024-06-22,3403,34.1,21.6,26.8,2.8,4.9,74,Open-Meteo Historical API,6,3637.0,-234.0,3403,26.8,Buckingham Fountain,Summer
50,2024-02-20,1903,2.7,-6.1,-2.4,0.0,3.3,52,Open-Meteo Historical API,2,1692.142857142857,210.8571428571429,1903,-2.4,Columbus Dr & Randolph St,Winter
61,2024-03-02,763,10.6,1.9,6.9,27.6,7.3,91,Open-Meteo Historical API,3,1933.571428571429,-1170.571428571429,763,6.9,Millennium Park,Spring
74,2024-03-15,3165,21.2,8.1,14.5,0.0,6.2,64,Open-Meteo Historical API,3,2723.714285714286,441.2857142857142,3165,14.5,Clinton St & Madison St,Spring
229,2024-08-17,3265,26.6,20.8,23.4,2.8,6.5,84,Open-Meteo Historical API,8,3575.5714285714284,-310.57142857142844,3265,23.4,Streeter Dr & Grand Ave,Summer
306,2024-11-02,3640,16.0,8.0,12.2,0.0,5.5,50,Open-Meteo Historical API,11,3763.857142857142,-123.85714285714266,3640,12.2,Theater on the Lake,Fall
211,2024-07-30,4058,30.5,21.6,25.9,0.1,8.9,76,Open-Meteo Historical API,7,3736.571428571429,321.42857142857156,4058,25.9,Columbus Dr & Randolph St,Summer
208,2024-07-27,3806,30.0,17.3,24.3,0.0,3.6,56,Open-Meteo Historical API,7,3847.571428571429,-41.57142857142844,3806,24.3,Buckingham Fountain,Summer
339,2024-12-05,2459,4.9,0.4,2.4,5.6,7.7,68,Open-Meteo Historical API,12,2354.8571428571427,104.14285714285734,2459,2.4,Michigan Ave & Oak St,Winter
110,2024-04-20,3313,19.9,8.5,12.7,2.2,7.3,67,Open-Meteo Historical API,4,2720.1428571428573,592.8571428571427,3313,12.7,Michigan Ave & Oak St,Spring
354,2024-12-20,1935,2.8,-0.5,1.2,1.7,4.2,80,Open-Meteo Historical API,12,1776.571428571429,158.42857142857133,1935,1.2,Canal St & Adams St,Winter
64,2024-03-05,1308,8.7,3.8,6.6,18.8,6.1,95,Open-Meteo Historical API,3,1981.571428571429,-673.5714285714287,1308,6.6,Clinton St & Madison St,Spring
239,2024-08-27,3891,30.4,17.2,23.4,0.0,5.7,75,Open-Meteo Historical API,8,3561.0,330.0,3891,23.4,Navy Pier,Summer
90,2024-03-31,1846,15.8,3.9,10.2,0.3,5.8,63,Open-Meteo Historical API,3,1643.7142857142858,202.28571428571425,1846,10.2,Clinton St & Madison St,Spring
221,2024-08-09,2631,28.6,22.3,25.0,17.2,12.7,88,Open-Meteo Historical API,8,3016.8571428571427,-385.85714285714266,2631,25.0,Columbus Dr & Randolph St,Summer
52,2024-02-22,2005,6.4,-4.7,1.3,0.1,5.6,82,Open-Meteo Historical API,2,1847.857142857143,157.1428571428571,2005,1.3,Clinton St & Madison St,Winter
157,2024-06-06,3525,27.8,19.4,23.2,21.3,10.0,85,Open-Meteo Historical API,6,3810.0,-285.0,3525,23.2,Columbus Dr & Randolph St,Summer
120,2024-04-30,2980,21.3,10.7,14.8,7.7,4.7,83,Open-Meteo Historical API,4,3161.1428571428573,-181.14285714285737,2980,14.8,Michigan Ave & Oak St,Spring
62,2024-03-03,2982,18.8,6.5,11.5,0.0,4.3,81,Open-Meteo Historical API,3,1868.857142857143,1113.142857142857,2982,11.5,Clinton St & Madison St,Spring
267,2024-09-24,3968,20.0,13.9,17.2,0.0,4.8,68,Open-Meteo Historical API,9,3956.428571428571,11.571428571428442,3968,17.2,Clinton St & Madison St,Fall
77,2024-03-18,2272,9.1,2.4,6.6,0.0,5.6,45,Open-Meteo Historical API,3,2427.4285714285716,-155.42857142857156,2272,6.6,Millennium Park,Spring
166,2024-06-15,3902,27.3,17.3,21.8,0.0,6.3,62,Open-Meteo Historical API,6,3620.714285714286,281.2857142857142,3902,21.8,Buckingham Fountain,Summer
249,2024-09-06,4378,26.4,14.6,20.2,0.1,4.8,77,Open-Meteo Historical API,9,3805.142857142858,572.8571428571427,4378,20.2,Canal St & Adams St,Fall
185,2024-07-04,4582,29.9,19.2,24.1,0.9,5.4,69,Open-Meteo Historical API,7,3401.4285714285716,1180.5714285714284,4582,24.1,Navy Pier,Summer
346,2024-12-12,2313,5.4,-1.5,1.8,0.1,7.2,55,Open-Meteo Historical API,12,2043.571428571429,269.42857142857133,2313,1.8,Columbus Dr & Randolph St,Winter
100,2024-04-10,2985,16.4,8.4,12.4,0.2,4.4,78,Open-Meteo Historical API,4,2581.1428571428573,403.85714285714266,2985,12.4,Streeter Dr & Grand Ave,Spring
138,2024-05-18,3163,22.1,13.0,16.6,2.0,4.9,79,Open-Meteo Historical API,5,3194.714285714286,-31.71428571428578,3163,16.6,Canal St & Adams St,Spring
82,2024-03-23,498,10.2,2.0,5.9,63.2,10.9,88,Open-Meteo Historical API,3,1945.142857142857,-1447.142857142857,498,5.9,Millennium Park,Spring
42,2024-02-12,2109,9.1,-2.6,3.6,0.0,3.0,74,Open-Meteo Historical API,2,1985.142857142857,123.85714285714288,2109,3.6,Theater on the Lake,Winter
280,2024-10-07,3830,23.3,14.8,18.5,8.8,5.2,67,Open-Meteo Historical API,10,3983.714285714286,-153.71428571428578,3830,18.5,Navy Pier,Fall
35,2024-02-05,1919,6.7,-3.3,0.8,0.0,6.2,52,Open-Meteo Historical API,2,2067.1428571428573,-148.14285714285734,1919,0.8,Columbus Dr & Randolph St,Winter
65,2024-03-06,1324,9.9,3.5,7.3,32.4,6.9,95,Open-Meteo Historical API,3,2020.857142857143,-696.8571428571429,1324,7.3,Navy Pier,Spring
358,2024-12-24,610,1.7,-3.5,-1.5,1.9,3.0,80,Open-Meteo Historical API,12,830.2857142857143,-220.2857142857143,610,-1.5,Millennium Park,Winter
139,2024-05-19,3613,23.6,12.2,16.8,0.0,5.1,80,Open-Meteo Historical API,5,3504.5714285714284,108.42857142857156,3613,16.8,Navy Pier,Spring
4,2024-01-05,1930,3.0,-5.1,-1.7,0.0,6.0,60,Open-Meteo Historical API,1,1744.0,186.0,1930,-1.7,Streeter Dr & Grand Ave,Winter
9,2024-01-10,2130,13.7,5.0,9.3,36.4,13.4,69,Open-Meteo Historical API,1,1835.857142857143,294.1428571428571,2130,9.3,Navy Pier,Winter
234,2024-08-22,4103,24.7,12.3,19.1,0.0,5.1,62,Open-Meteo Historical API,8,3730.857142857142,372.14285714285734,4103,19.1,Navy Pier,Summer
259,2024-09-16,3840,25.8,12.2,18.8,0.0,3.7,74,Open-Meteo Historical API,9,4181.0,-341.0,3840,18.8,Streeter Dr & Grand Ave,Fall
89,2024-03-30,2044,14.4,2.7,8.1,0.0,6.9,53,Open-Meteo Historical API,3,1862.7142857142856,181.28571428571425,2044,8.1,Shedd Aquarium,Spring
71,2024-03-12,2790,17.1,2.8,9.1,0.0,6.6,51,Open-Meteo Historical API,3,2344.285714285714,445.7142857142858,2790,9.1,Streeter Dr & Grand Ave,Spring
252,2024-09-09,3978,25.2,10.0,18.0,0.0,5.7,53,Open-Meteo Historical API,9,3971.0,7.0,3978,18.0,Shedd Aquarium,Fall
88,2024-03-29,2334,12.9,3.8,7.4,0.5,9.2,46,Open-Meteo Historical API,3,2078.714285714286,255.28571428571425,2334,7.4,Clinton St & Madison St,Spring
310,2024-11-06,3682,27.1,16.6,21.1,0.0,6.5,65,Open-Meteo Historical API,11,3393.714285714286,288.2857142857142,3682,21.1,Michigan Ave & Oak St,Fall
43,2024-02-13,801,3.6,-1.7,1.1,24.9,6.9,80,Open-Meteo Historical API,2,1903.857142857143,-1102.857142857143,801,1.1,Shedd Aquarium,Winter
215,2024-08-03,2999,33.3,23.5,27.0,8.4,5.6,80,Open-Meteo Historical API,8,3315.8571428571427,-316.85714285714266,2999,27.0,Millennium Park,Summer
